publication	id	allele	vntr
	F1_III-10	1	1‐2‐3‐4‐5‐C-X‐D‐E-C‐F‐X‐X‐A-B-D-E-C-X‐X‐X‐A-A-B-X‐X‐X‐X‐X‐X-G‐A‐B‐X‐X‐X‐X‐X‐X-V‐6p‐7‐8‐9
	F1_III-10	2	1‐2‐3‐4‐5‐C-X‐D‐E-C‐F‐X‐X‐A-B-D-E-C-X‐X‐X‐A-A-B-X‐X‐X‐X‐X‐X-G‐A‐B‐X‐X‐X‐X‐X‐X-V‐6p‐7‐8‐9
	F1_IV-16	1	1‐2‐3‐4‐5‐C-X‐D‐E-C‐F‐X‐X‐A-B-D-E-C-X‐X‐X‐A-A-B-X‐X‐X‐X‐X‐X-G‐A‐B‐X‐X‐X‐X‐X‐X-V‐6p‐7‐8‐9
PMID: 29520014	F1_IV-16	2	1‐2‐3‐4‐5‐C-X‐D‐E-C‐X‐L‐X‐A-B-D-E-C-X‐X‐X‐A-A-B-X‐X‐X‐X‐X‐X-X-X-X-X-I-X-A‐J‐B‐X‐X‐X‐X‐X‐X-V‐6p‐7‐8‐9
PMID: 29520014	F1_IV-27	1	1‐2‐3‐4‐5‐C-X‐D‐E-C‐F‐X‐X‐A-B-D-E-C-X‐X‐X‐A-A-B-X‐X‐X‐X‐X‐X-G‐A‐B‐X‐X‐X‐X‐X‐X-V‐6p‐7‐8‐9
PMID: 29520014	F1_IV-27	2	1‐2‐3‐4‐5‐C-X‐D‐E-C‐F‐X‐X‐A-B-D-E-C-X‐X‐X‐A-A-B-X‐X‐X‐X‐X‐X-G-A-B-X-X-X-X-X-G‐A‐B‐X‐X‐X‐X‐X‐X-V‐6p‐7‐8‐9
PMID: 29520014	F1_IV-17	1	1‐2‐3‐4‐5‐C-X‐D‐E-C‐F‐X‐X‐A-B-D-E-C-X‐X‐X‐A-A-B-X‐X‐X‐X‐X‐X-G‐A‐B‐X‐X‐X‐X‐X‐X-V‐6p‐7‐8‐9
PMID: 29520014	F1_IV-17	2	1‐2‐3‐4‐5‐C-X‐D‐E-C‐X‐L‐X‐A-B-D-E-C-X‐X‐X‐A-A-B-X‐X‐X‐X‐X‐X-X-X-X-X-I-X-A‐J‐B‐X‐X‐X‐X‐X‐X-V‐6p‐7‐8‐9
PMID: 29520014	F2_I-11	1	1‐2‐3‐4‐5‐C‐X-D‐E‐C-X-X-X-A-A-B-X-X-X-X-X-A-A-A-B-X-X-X-X-X-A-A-X-X-X-X-X-X-X-X-A-A-B-X-X-X-X-B-X-X-A-A-B-X-X-X-X-B-A-A-X-X-X-X-X-G-A-B-X-X-X-X-X-X-X-V-6-7-8-9
PMID: 29520014	F2_I-11	2	1‐2‐3‐4‐5‐C‐X-D-E-C-F-X-X-A-B-D-E-C-X-X-X-A-A-B-X-X-X-X-X-X-G-A-B-X-X-X-X-X-X-V-6p-7-8-9
PMID: 29520014	F3_V-12	1	1‐2‐3‐4‐5‐C‐X-D-E-C-X-X-X-A-A-B-X-X-X-X-X-A-A-A-B-X-X-X-X-X-A-A-X-X-X-X-X-X-X-X-A-A-B-X-X-X-X-B-B-X-X-A-A-B-X-X-X-X-B-A-A-X-X-X-X-X-X-G-A-B-X-X-X-X-X-X-X-V-6-7-8-9
PMID: 29520014	F3_V-12	2	1‐2‐3‐4‐5‐C‐X-D-E-C-F-X-X-A-B-X-E-C-X-X-X-A-A-B-X-X-X-X-X-X-G-A-B-X-X-X-X-X-X-V-6p-7-8-9
PMID: 29520014	F4_III-7	1	1‐2‐3‐4‐5‐C‐X-D-E-C-X-X-X-A-A-B-X-X-X-X-X-A-A-A-B-X-X-X-X-X-A-A-X-X-X-X-X-X-X-X-A-A-B-X-X-X-X-B-P-X-A-A-B-X-X-X-X-B-A-A-Q-X-X-X-X-G-A-B-X-X-X-X-X-X-V-6-7-8-9
PMID: 29520014	F4_III-7	2	1‐2‐3‐4‐5‐C‐X-D-E-C-F-X-X-A-B-X-E-C-X-X-X-A-A-B-X-X-X-X-X-X-G-A-B-X-X-X-X-X-X-V-6p-7-8-9
PMID: 29520014	F5_III-1	1	1‐2‐3‐4‐5‐C‐X-D-E-C-X-X-X-A-A-B-X-X-X-X-X-A-A-A-B-X-X-X-X-X-A-A-X-X-X-X-X-X-X-G-A-B-X-X-X-X-B-X-X-X-X-B-X-X-A-A-B-X-X-X-X-X-B-A-A-X-X-X-X-X-G-A-B-X-X-X-X-X-X-X-V-6-7-8-9
PMID: 29520014	F5_III-1	2	1‐2‐3‐4‐5‐C‐X-D-E-C-X-X-X-A-A-B-X-X-X-X-X-A-A-A-B-X-X-X-X-X-A-A-X-X-X-X-X-X-A-A-B-X-X-X-X-B-X-X-A-A-B-X-X-X-B-A-A-X-X-X-X-X-G-A-B-X-X-X-X-X-X-X-V-6-7-8-9
PMID: 29520014	F6_III-1	1	1‐2‐3‐4‐5‐C‐X-D-E-C-X-X-X-A-B-X-X-X-X-X-A-A-A-B-X-X-X-X-X-X-X-X-X-X-X-A-A-B-X-X-X-X-B-X-X-A-A-B-X-X-X-X-B-A-A-X-X-X-X-X-G-A-B-X-X-X-X-X-X-X-V-6-7-8-9
PMID: 29520014	F6_III-1	2	1‐2‐3‐4‐5‐C‐X-D-E-C-X-H-X-A-A-B-D-E-C-X-B-X-A-A-B-X-X-X-X-X-X-X-X-X-X-E-C-X-X-X-G-G-B-X-X-X-X-X-X-X-X-X-X-V-V-V-G-J-B-B-X-X-X-X-X-V-6p-7-8-9
PMID: 29520014	F7_III-1	1	1‐2‐3‐4‐5‐C‐X-D-E-C-X-X-X-A-A-B-X-X-X-X-X-A-A-A-B-X-X-X-X-X-A-A-X-X-X-X-X-X-X-X-A-A-B-X-X-X-X-B-B-X-X-A-A-B-X-X-X-X-B-A-A-X-X-X-X-X-X-X-A-A-B-X-X-X-X-X-X-X-V-6-7-8-9
PMID: 29520014	F7_III-1	2	1‐2‐3‐4‐5‐C‐X-D-E-C-F-X-X-A-B-D-E-C-X-X-X-A-A-B-X-X-X-X-X-X-G-A-N-R-X-X-X-G-A-B-X-X-X-X-X-X-V-6p-7-8-9
PMID: 29520014	F8	1	1‐2‐3‐4‐5‐C‐X-D-E-C-X-X-X-A-A-B-B-X-X-X-X-A-A-A-B-X-X-X-X-X-A-A-X-X-X-X-X-X-X-X-A-A-B-X-X-X-X-B-B-X-X-A-A-B-X-X-X-X-B-A-A-X-X-X-X-X-G-A-X-X-X-X-X-V-6-7-8-9
PMID: 29520014	F8	2	1‐2‐3‐4‐5‐C‐X-D-E-C-X-X-X-A-A-B-X-X-X-X-X-A-A-A-A-B-X-X-X-X-X-X-X-X-X-B-X-A-A-B-X-X-X-X-B-X-X-A-A-B-X-X-X-X-B-A-A-X-X-X-X-X-G-A-B-X-X-X-X-X-X-X-V-6-7-8-9
PMID: 29520014	F9	1	1‐2‐3‐4‐5‐C‐X-D-E-C-X-H-X-A-A-B-D-E-C-X-B-X-A-A-B-X-X-X-X-X-X-X-X-X-X-E-C-X-X-X-A-G-B-X-X-X-X-X-X-X-X-X-X-V-V-V-G-J-B-B-X-X-X-X-X-V-6p-7-8-9
PMID: 29520014	F9	2	1‐2‐3‐4‐5‐C‐X-D-E-C-F-X-X-A-B-D-E-C-X-X-X-A-A-B-X-X-X-X-X-X-A-B-X-X-X-X-X-X-V-6p-7-8-9
PMID: 29520014	F10	1	1‐2‐3‐4‐5‐C‐X-D-E-C-F-X-X-A-B-D-E-C-X-X-X-A-A-B-X-X-X-X-X-G-A-B-X-X-X-X-X-X-V-6p-7-8-9
PMID: 29520014	F10	2	1‐2‐3‐4‐5‐C‐X-D-E-C-X-X-X-A-A-B-X-X-X-X-A-A-A-B-X-X-X-X-X-A-A-X-X-X-X-X-X-X-X-A-A-B-X-X-X-X-B-B-X-X-A-A-B-X-X-X-X-B-A-A-X-X-X-X-X-X-X-G-A-B-X-X-X-X-X-X-X-V-6-7-8-9
PMID: 29520014	F11_I-1	1	1‐2‐3‐4‐5‐C‐X-D-E-C-X-X-X-A-A-B-B-X-X-X-X-A-A-B-X-X-X-X-X-A-A-X-X-X-X-X-X-X-X-A-A-B-X-X-X-B-B-X-X-G-A-B-X-X-X-X-B-A-A-X-X-X-X-X-G-A-B-X-X-X-X-V-6-7-8-9
PMID: 29520014	F11_I-1	2	1‐2‐3‐4‐5‐C‐X-D-E-C-X-X-X-A-A-B-X-X-X-X-X-A-A-A-B-X-X-X-X-X-A-A-X-X-X-X-X-X-X-X-A-A-B-X-X-X-X-B-B-X-X-A-A-B-X-X-X-X-B-A-A-X-X-X-X-X-X-X-G-A-B-X-X-X-X-X-X-X-V-6-7-8-9
PMID: 29520014	F12_II-8	1	1‐2‐3‐4‐5‐C‐X-D-E-C-F-C-C-A-B-X-E-C-X-X-X-A-A-B-X-X-X-X-X-X-G-A-B-X-X-X-X-X-X-V-6p-7-8-9
PMID: 29520014	F12_II-8	2	1‐2‐3‐4‐5‐C‐X-X-E-C-X-X-X-A-A-B-B-X-X-X-X-A-A-B-X-X-X-X-X-A-A-X-X-X-X-X-X-X-X-G-G-B-X-X-X-X-B-B-A-X-X-A-A-B-X-X-X-X-X-X-A-A-X-X-X-X-X-X-A-B-X-X-X-X-V-6-7-8-9
PMID: 29520014	F12_III-6	1	1‐2‐3‐4‐5‐C‐X-D-E-C-F-X-X-A-B-X-E-C-X-X-X-A-A-B-A-B-X-X-X-X-X-X-G-A-B-X-X-X-X-X-X-V-6p-7-8-9
PMID: 29520014	F12_III-6	2	1‐2‐3‐4‐5‐C‐X-D-E-C-X-I-X-A-A-B-D-E-C-X-B-X-A-A-B-X-X-X-X-X-X-X-X-X-X-E-C-X-X-X-G-G-B-X-X-X-X-X-X-X-X-X-X-V-V-G-J-B-B-X-X-X-X-X-V-6p-7-8-9
PMID: 29520014	F12_III-7	1	1‐2‐3‐4‐5‐C‐X-D-E-C-F-X-X-A-B-X-E-C-C-C-C-A-A-B-X-X-X-X-X-X-G-A-B-X-X-X-X-X-X-V-6p-7-8-9
PMID: 29520014	F12_III-7	2	1‐2‐3‐4p‐5‐C‐X-D-C-X-X-A-A-B-X-X-X-X-B-A-A-B-X-X-X-X-X-X-X-G-A-B-X-X-X-X-X-X-X-V-6p-8-9
PMID: 29520014	F12_III-8	1	1‐2‐3‐4‐5‐C‐X-X-E-C-X-X-X-A-A-B-B-X-X-X-X-A-A-B-X-X-X-X-X-A-A-X-X-X-X-X-X-X-X-G-G-B-X-X-X-X-B-B-A-X-X-A-A-B-X-X-X-X-X-X-A-A-X-X-X-X-X-X-A-B-X-X-X-X-V-6-7-8-9
PMID: 29520014	F12_III-8	2	1‐2‐3‐4‐5‐C‐X-D-E-C-X-I-X-A-A-B-D-E-C-X-B-X-A-A-B-X-X-X-X-X-X-X-X-X-X-E-C-X-X-X-G-G-B-X-X-X-X-X-X-X-X-X-X-V-V-G-J-B-B-X-X-X-X-X-V-6p-7-8-9
PMID: 29520014	F13_III-1	1	1‐2‐3‐4‐5‐C‐X-D-E-C-F-X-X-A-B-D-E-C-X-X-X-A-A-B-X-X-X-X-X-X-G-G-B-X-X-X-X-X-X-6p-7-8-9
PMID: 29520014	F13_III-1	2	1‐2‐3‐4‐5‐C‐X-D-E-C-X-I-X-A-A-B-D-E-C-X-B-X-A-A-B-X-X-X-X-X-X-X-X-X-X-E-C-X-X-X-G-G-B-X-X-X-X-X-X-X-X-X-X-V-V-V-G-J-B-B-X-X-X-X-X-V-6p-7-8-9
PMID: 29520014	F14_II-1	1	1‐2‐3‐4‐5‐C‐X-D-E-C-X-X-X-A-A-B-X-X-X-X-A-A-A-B-X-X-X-X-X-A-A-X-X-X-X-X-X-X-X-A-A-B-X-X-X-X-B-B-X-X-A-A-B-X-X-X-X-B-A-A-X-X-X-X-X-G-A-B-X-X-X-X-V-6-7-8-9
PMID: 29520014	F14_II-1	2	1‐2‐3‐4‐5‐C‐X-D-E-C-F-X-X-A-B-E-C-X-X-X-A-B-X-X-X-X-X-X-G-A-B-X-X-X-X-X-X-V-6p-7-8-9
PMID: 29520014	F15_III-1	1	1‐2‐3‐4‐5‐C‐X-D-E-C-F-X-X-A-V-D-E-X-X-X-X-A-A-V-X-X-X-X-X-X-G-A-B-X-X-X-X-X-X-V-6p-7-8-9
PMID: 29520014	F15_III-1	2	1‐2‐3‐4‐5‐C‐X-D-E-C-X-X-X-A-A-B-X-X-X-X-X-A-A-A-B-X-X-X-X-X-A-A-X-X-X-X-X-X-X-A-A-B-X-X-X-X-B-B-X-X-A-A-B-X-X-X-X-B-A-A-X-X-X-X-X-X-X-G-A-B-X-X-X-X-X-X-X-V-6-7-8-9
PMID: 29520014	F16_III-9	1	1‐2‐3‐4‐5‐C‐X-D-E-C-F-X-X-A-B-D-E-C-X-X-X-A-A-B-X-X-X-X-X-X-G-A-B-X-X-X-X-G-A-B-X-X-X-X-X-X-V-6p-7-8-9
PMID: 29520014	F16_III-9	2	1‐2‐3‐4‐5‐C‐X-D-E-C-X-X-X-A-A-B-X-X-X-X-X-A-A-A-B-X-X-X-X-X-A-A-X-X-X-X-X-X-A-A-B-X-X-X-X-B-X-X-A-A-B-X-X-X-B-A-A-X-X-X-X-X-G-A-B-X-X-X-X-X-X-V-6-7-8-9
